[
{
    "model": "auth.permission",
    "fields": {
        "name": "Can add log entry",
        "content_type": [
            "admin",
            "logentry"
        ],
        "codename": "add_logentry"
    }
},
{
    "model": "auth.permission",
    "fields": {
        "name": "Can change log entry",
        "content_type": [
            "admin",
            "logentry"
        ],
        "codename": "change_logentry"
    }
},
{
    "model": "auth.permission",
    "fields": {
        "name": "Can delete log entry",
        "content_type": [
            "admin",
            "logentry"
        ],
        "codename": "delete_logentry"
    }
},
{
    "model": "auth.permission",
    "fields": {
        "name": "Can add permission",
        "content_type": [
            "auth",
            "permission"
        ],
        "codename": "add_permission"
    }
},
{
    "model": "auth.permission",
    "fields": {
        "name": "Can change permission",
        "content_type": [
            "auth",
            "permission"
        ],
        "codename": "change_permission"
    }
},
{
    "model": "auth.permission",
    "fields": {
        "name": "Can delete permission",
        "content_type": [
            "auth",
            "permission"
        ],
        "codename": "delete_permission"
    }
},
{
    "model": "auth.permission",
    "fields": {
        "name": "Can add group",
        "content_type": [
            "auth",
            "group"
        ],
        "codename": "add_group"
    }
},
{
    "model": "auth.permission",
    "fields": {
        "name": "Can change group",
        "content_type": [
            "auth",
            "group"
        ],
        "codename": "change_group"
    }
},
{
    "model": "auth.permission",
    "fields": {
        "name": "Can delete group",
        "content_type": [
            "auth",
            "group"
        ],
        "codename": "delete_group"
    }
},
{
    "model": "auth.permission",
    "fields": {
        "name": "Can add content type",
        "content_type": [
            "contenttypes",
            "contenttype"
        ],
        "codename": "add_contenttype"
    }
},
{
    "model": "auth.permission",
    "fields": {
        "name": "Can change content type",
        "content_type": [
            "contenttypes",
            "contenttype"
        ],
        "codename": "change_contenttype"
    }
},
{
    "model": "auth.permission",
    "fields": {
        "name": "Can delete content type",
        "content_type": [
            "contenttypes",
            "contenttype"
        ],
        "codename": "delete_contenttype"
    }
},
{
    "model": "auth.permission",
    "fields": {
        "name": "Can add session",
        "content_type": [
            "sessions",
            "session"
        ],
        "codename": "add_session"
    }
},
{
    "model": "auth.permission",
    "fields": {
        "name": "Can change session",
        "content_type": [
            "sessions",
            "session"
        ],
        "codename": "change_session"
    }
},
{
    "model": "auth.permission",
    "fields": {
        "name": "Can delete session",
        "content_type": [
            "sessions",
            "session"
        ],
        "codename": "delete_session"
    }
},
{
    "model": "auth.permission",
    "fields": {
        "name": "Can add Token",
        "content_type": [
            "django_rest_multitokenauth",
            "multitoken"
        ],
        "codename": "add_multitoken"
    }
},
{
    "model": "auth.permission",
    "fields": {
        "name": "Can change Token",
        "content_type": [
            "django_rest_multitokenauth",
            "multitoken"
        ],
        "codename": "change_multitoken"
    }
},
{
    "model": "auth.permission",
    "fields": {
        "name": "Can delete Token",
        "content_type": [
            "django_rest_multitokenauth",
            "multitoken"
        ],
        "codename": "delete_multitoken"
    }
},
{
    "model": "auth.permission",
    "fields": {
        "name": "Can add extension",
        "content_type": [
            "snippets",
            "extension"
        ],
        "codename": "add_extension"
    }
},
{
    "model": "auth.permission",
    "fields": {
        "name": "Can change extension",
        "content_type": [
            "snippets",
            "extension"
        ],
        "codename": "change_extension"
    }
},
{
    "model": "auth.permission",
    "fields": {
        "name": "Can delete extension",
        "content_type": [
            "snippets",
            "extension"
        ],
        "codename": "delete_extension"
    }
},
{
    "model": "auth.permission",
    "fields": {
        "name": "Can add file",
        "content_type": [
            "snippets",
            "file"
        ],
        "codename": "add_file"
    }
},
{
    "model": "auth.permission",
    "fields": {
        "name": "Can change file",
        "content_type": [
            "snippets",
            "file"
        ],
        "codename": "change_file"
    }
},
{
    "model": "auth.permission",
    "fields": {
        "name": "Can delete file",
        "content_type": [
            "snippets",
            "file"
        ],
        "codename": "delete_file"
    }
},
{
    "model": "auth.permission",
    "fields": {
        "name": "Can add label",
        "content_type": [
            "snippets",
            "label"
        ],
        "codename": "add_label"
    }
},
{
    "model": "auth.permission",
    "fields": {
        "name": "Can change label",
        "content_type": [
            "snippets",
            "label"
        ],
        "codename": "change_label"
    }
},
{
    "model": "auth.permission",
    "fields": {
        "name": "Can delete label",
        "content_type": [
            "snippets",
            "label"
        ],
        "codename": "delete_label"
    }
},
{
    "model": "auth.permission",
    "fields": {
        "name": "Can add language",
        "content_type": [
            "snippets",
            "language"
        ],
        "codename": "add_language"
    }
},
{
    "model": "auth.permission",
    "fields": {
        "name": "Can change language",
        "content_type": [
            "snippets",
            "language"
        ],
        "codename": "change_language"
    }
},
{
    "model": "auth.permission",
    "fields": {
        "name": "Can delete language",
        "content_type": [
            "snippets",
            "language"
        ],
        "codename": "delete_language"
    }
},
{
    "model": "auth.permission",
    "fields": {
        "name": "Can add snippet",
        "content_type": [
            "snippets",
            "snippet"
        ],
        "codename": "add_snippet"
    }
},
{
    "model": "auth.permission",
    "fields": {
        "name": "Can change snippet",
        "content_type": [
            "snippets",
            "snippet"
        ],
        "codename": "change_snippet"
    }
},
{
    "model": "auth.permission",
    "fields": {
        "name": "Can delete snippet",
        "content_type": [
            "snippets",
            "snippet"
        ],
        "codename": "delete_snippet"
    }
},
{
    "model": "auth.permission",
    "fields": {
        "name": "Can add snippet label",
        "content_type": [
            "snippets",
            "snippetlabel"
        ],
        "codename": "add_snippetlabel"
    }
},
{
    "model": "auth.permission",
    "fields": {
        "name": "Can change snippet label",
        "content_type": [
            "snippets",
            "snippetlabel"
        ],
        "codename": "change_snippetlabel"
    }
},
{
    "model": "auth.permission",
    "fields": {
        "name": "Can delete snippet label",
        "content_type": [
            "snippets",
            "snippetlabel"
        ],
        "codename": "delete_snippetlabel"
    }
},
{
    "model": "auth.permission",
    "fields": {
        "name": "Can add team",
        "content_type": [
            "teams",
            "team"
        ],
        "codename": "add_team"
    }
},
{
    "model": "auth.permission",
    "fields": {
        "name": "Can change team",
        "content_type": [
            "teams",
            "team"
        ],
        "codename": "change_team"
    }
},
{
    "model": "auth.permission",
    "fields": {
        "name": "Can delete team",
        "content_type": [
            "teams",
            "team"
        ],
        "codename": "delete_team"
    }
},
{
    "model": "auth.permission",
    "fields": {
        "name": "Can add user team",
        "content_type": [
            "teams",
            "userteam"
        ],
        "codename": "add_userteam"
    }
},
{
    "model": "auth.permission",
    "fields": {
        "name": "Can change user team",
        "content_type": [
            "teams",
            "userteam"
        ],
        "codename": "change_userteam"
    }
},
{
    "model": "auth.permission",
    "fields": {
        "name": "Can delete user team",
        "content_type": [
            "teams",
            "userteam"
        ],
        "codename": "delete_userteam"
    }
},
{
    "model": "auth.permission",
    "fields": {
        "name": "Can add user",
        "content_type": [
            "users",
            "user"
        ],
        "codename": "add_user"
    }
},
{
    "model": "auth.permission",
    "fields": {
        "name": "Can change user",
        "content_type": [
            "users",
            "user"
        ],
        "codename": "change_user"
    }
},
{
    "model": "auth.permission",
    "fields": {
        "name": "Can delete user",
        "content_type": [
            "users",
            "user"
        ],
        "codename": "delete_user"
    }
},
{
    "model": "auth.permission",
    "fields": {
        "name": "Can view log entry",
        "content_type": [
            "admin",
            "logentry"
        ],
        "codename": "view_logentry"
    }
},
{
    "model": "auth.permission",
    "fields": {
        "name": "Can view permission",
        "content_type": [
            "auth",
            "permission"
        ],
        "codename": "view_permission"
    }
},
{
    "model": "auth.permission",
    "fields": {
        "name": "Can view group",
        "content_type": [
            "auth",
            "group"
        ],
        "codename": "view_group"
    }
},
{
    "model": "auth.permission",
    "fields": {
        "name": "Can view content type",
        "content_type": [
            "contenttypes",
            "contenttype"
        ],
        "codename": "view_contenttype"
    }
},
{
    "model": "auth.permission",
    "fields": {
        "name": "Can view session",
        "content_type": [
            "sessions",
            "session"
        ],
        "codename": "view_session"
    }
},
{
    "model": "auth.permission",
    "fields": {
        "name": "Can view Token",
        "content_type": [
            "django_rest_multitokenauth",
            "multitoken"
        ],
        "codename": "view_multitoken"
    }
},
{
    "model": "auth.permission",
    "fields": {
        "name": "Can view extension",
        "content_type": [
            "snippets",
            "extension"
        ],
        "codename": "view_extension"
    }
},
{
    "model": "auth.permission",
    "fields": {
        "name": "Can view file",
        "content_type": [
            "snippets",
            "file"
        ],
        "codename": "view_file"
    }
},
{
    "model": "auth.permission",
    "fields": {
        "name": "Can view label",
        "content_type": [
            "snippets",
            "label"
        ],
        "codename": "view_label"
    }
},
{
    "model": "auth.permission",
    "fields": {
        "name": "Can view language",
        "content_type": [
            "snippets",
            "language"
        ],
        "codename": "view_language"
    }
},
{
    "model": "auth.permission",
    "fields": {
        "name": "Can view snippet",
        "content_type": [
            "snippets",
            "snippet"
        ],
        "codename": "view_snippet"
    }
},
{
    "model": "auth.permission",
    "fields": {
        "name": "Can view snippet label",
        "content_type": [
            "snippets",
            "snippetlabel"
        ],
        "codename": "view_snippetlabel"
    }
},
{
    "model": "auth.permission",
    "fields": {
        "name": "Can view team",
        "content_type": [
            "teams",
            "team"
        ],
        "codename": "view_team"
    }
},
{
    "model": "auth.permission",
    "fields": {
        "name": "Can view user team",
        "content_type": [
            "teams",
            "userteam"
        ],
        "codename": "view_userteam"
    }
},
{
    "model": "auth.permission",
    "fields": {
        "name": "Can view user",
        "content_type": [
            "users",
            "user"
        ],
        "codename": "view_user"
    }
},
{
    "model": "auth.permission",
    "fields": {
        "name": "Can add Password Reset Token",
        "content_type": [
            "django_rest_passwordreset",
            "resetpasswordtoken"
        ],
        "codename": "add_resetpasswordtoken"
    }
},
{
    "model": "auth.permission",
    "fields": {
        "name": "Can change Password Reset Token",
        "content_type": [
            "django_rest_passwordreset",
            "resetpasswordtoken"
        ],
        "codename": "change_resetpasswordtoken"
    }
},
{
    "model": "auth.permission",
    "fields": {
        "name": "Can delete Password Reset Token",
        "content_type": [
            "django_rest_passwordreset",
            "resetpasswordtoken"
        ],
        "codename": "delete_resetpasswordtoken"
    }
},
{
    "model": "auth.permission",
    "fields": {
        "name": "Can view Password Reset Token",
        "content_type": [
            "django_rest_passwordreset",
            "resetpasswordtoken"
        ],
        "codename": "view_resetpasswordtoken"
    }
},
{
    "model": "auth.group",
    "fields": {
        "name": "User",
        "permissions": [
            [
                "view_extension",
                "snippets",
                "extension"
            ],
            [
                "add_file",
                "snippets",
                "file"
            ],
            [
                "change_file",
                "snippets",
                "file"
            ],
            [
                "delete_file",
                "snippets",
                "file"
            ],
            [
                "view_file",
                "snippets",
                "file"
            ],
            [
                "add_label",
                "snippets",
                "label"
            ],
            [
                "change_label",
                "snippets",
                "label"
            ],
            [
                "delete_label",
                "snippets",
                "label"
            ],
            [
                "view_label",
                "snippets",
                "label"
            ],
            [
                "view_language",
                "snippets",
                "language"
            ],
            [
                "add_snippet",
                "snippets",
                "snippet"
            ],
            [
                "change_snippet",
                "snippets",
                "snippet"
            ],
            [
                "delete_snippet",
                "snippets",
                "snippet"
            ],
            [
                "view_snippet",
                "snippets",
                "snippet"
            ],
            [
                "add_snippetlabel",
                "snippets",
                "snippetlabel"
            ],
            [
                "change_snippetlabel",
                "snippets",
                "snippetlabel"
            ],
            [
                "delete_snippetlabel",
                "snippets",
                "snippetlabel"
            ],
            [
                "view_snippetlabel",
                "snippets",
                "snippetlabel"
            ],
            [
                "add_team",
                "teams",
                "team"
            ],
            [
                "change_team",
                "teams",
                "team"
            ],
            [
                "delete_team",
                "teams",
                "team"
            ],
            [
                "view_team",
                "teams",
                "team"
            ],
            [
                "add_userteam",
                "teams",
                "userteam"
            ],
            [
                "change_userteam",
                "teams",
                "userteam"
            ],
            [
                "delete_userteam",
                "teams",
                "userteam"
            ],
            [
                "view_userteam",
                "teams",
                "userteam"
            ],
            [
                "view_user",
                "users",
                "user"
            ]
        ]
    }
},
{
    "model": "auth.group",
    "fields": {
        "name": "Administrator",
        "permissions": [
            [
                "view_extension",
                "snippets",
                "extension"
            ],
            [
                "add_file",
                "snippets",
                "file"
            ],
            [
                "change_file",
                "snippets",
                "file"
            ],
            [
                "delete_file",
                "snippets",
                "file"
            ],
            [
                "view_file",
                "snippets",
                "file"
            ],
            [
                "add_label",
                "snippets",
                "label"
            ],
            [
                "change_label",
                "snippets",
                "label"
            ],
            [
                "delete_label",
                "snippets",
                "label"
            ],
            [
                "view_label",
                "snippets",
                "label"
            ],
            [
                "view_language",
                "snippets",
                "language"
            ],
            [
                "add_snippet",
                "snippets",
                "snippet"
            ],
            [
                "change_snippet",
                "snippets",
                "snippet"
            ],
            [
                "delete_snippet",
                "snippets",
                "snippet"
            ],
            [
                "view_snippet",
                "snippets",
                "snippet"
            ],
            [
                "add_snippetlabel",
                "snippets",
                "snippetlabel"
            ],
            [
                "change_snippetlabel",
                "snippets",
                "snippetlabel"
            ],
            [
                "delete_snippetlabel",
                "snippets",
                "snippetlabel"
            ],
            [
                "view_snippetlabel",
                "snippets",
                "snippetlabel"
            ],
            [
                "add_team",
                "teams",
                "team"
            ],
            [
                "change_team",
                "teams",
                "team"
            ],
            [
                "delete_team",
                "teams",
                "team"
            ],
            [
                "view_team",
                "teams",
                "team"
            ],
            [
                "add_userteam",
                "teams",
                "userteam"
            ],
            [
                "change_userteam",
                "teams",
                "userteam"
            ],
            [
                "delete_userteam",
                "teams",
                "userteam"
            ],
            [
                "view_userteam",
                "teams",
                "userteam"
            ],
            [
                "add_user",
                "users",
                "user"
            ],
            [
                "change_user",
                "users",
                "user"
            ],
            [
                "delete_user",
                "users",
                "user"
            ],
            [
                "view_user",
                "users",
                "user"
            ]
        ]
    }
},
{
    "model": "users.user",
    "fields": {
        "password": "pbkdf2_sha256$260000$EebAx3nXf1dexLasgavCcr$OR8BPYrSWePXDxV2SB4dDaabmnmgRzb7Zqs3/s6cSs4=",
        "last_login": "2021-10-17T13:23:55.876Z",
        "is_superuser": true,
        "username": "admin",
        "first_name": "",
        "last_name": "",
        "email": "",
        "is_staff": true,
        "is_active": true,
        "date_joined": "2018-06-09T08:11:07.178Z",
        "groups": [],
        "user_permissions": []
    }
},
{
    "model": "snippets.snippet",
    "pk": 1,
    "fields": {
        "created_date": "2018-04-22T07:26:49.519Z",
        "modified_date": "2018-06-28T20:37:21.794Z",
        "user": [
            "admin"
        ],
        "team": 1,
        "title": "Wordpress Docker Compose",
        "description": "Easy Wordpress development with Docker and Docker Compose",
        "visibility": "PRIVATE"
    }
},
{
    "model": "snippets.snippet",
    "pk": 6,
    "fields": {
        "created_date": "2018-04-25T17:42:53.893Z",
        "modified_date": "2018-06-28T20:37:28.976Z",
        "user": [
            "admin"
        ],
        "team": 1,
        "title": "Docker database dumps",
        "description": "sudo ./export.sh",
        "visibility": "PRIVATE"
    }
},
{
    "model": "snippets.snippet",
    "pk": 7,
    "fields": {
        "created_date": "2018-04-25T17:55:10.896Z",
        "modified_date": "2018-06-13T09:29:46.610Z",
        "user": [
            "admin"
        ],
        "team": 1,
        "title": "Markdown reference",
        "description": "This is intended as a quick reference for markdown syntax.",
        "visibility": "PRIVATE"
    }
},
{
    "model": "snippets.snippet",
    "pk": 13,
    "fields": {
        "created_date": "2018-09-12T19:39:21.380Z",
        "modified_date": "2019-12-30T18:45:14.495Z",
        "user": [
            "admin"
        ],
        "team": null,
        "title": "Code 2",
        "description": "Test",
        "visibility": "PRIVATE"
    }
},
{
    "model": "snippets.file",
    "pk": 1,
    "fields": {
        "created_date": "2018-04-22T07:26:49.468Z",
        "modified_date": "2018-04-22T07:34:17.882Z",
        "snippet": 1,
        "language": 10,
        "name": "docker-compose.yml",
        "content": "version: '2'\r\nservices:\r\n  wordpress:\r\n    image: wordpress:latest # https://hub.docker.com/_/wordpress/\r\n    ports:\r\n      - 127.0.0.1:80:80 # change ip if required\r\n    volumes:\r\n      - ./config/php.conf.uploads.ini:/usr/local/etc/php/conf.d/uploads.ini\r\n      - ./wp-app:/var/www/html # Full wordpress project\r\n      #- ./plugin-name/trunk/:/var/www/html/wp-content/plugins/plugin-name # Plugin development\r\n      #- ./theme-name/trunk/:/var/www/html/wp-content/themes/theme-name # Theme development\r\n    environment:\r\n      WORDPRESS_DB_HOST: db\r\n      WORDPRESS_DB_NAME: wordpress\r\n      WORDPRESS_DB_USER: root\r\n      WORDPRESS_DB_PASSWORD: password\r\n    depends_on:\r\n      - db\r\n    networks:\r\n      - wordpress-network\r\n  db:\r\n    image: mysql:latest # https://hub.docker.com/_/mysql/ - or mariadb https://hub.docker.com/_/mariadb\r\n    ports:\r\n      - 127.0.0.1:3306:3306 # change ip if required\r\n    command: [\r\n        '--default_authentication_plugin=mysql_native_password',\r\n        '--character-set-server=utf8mb4',\r\n        '--collation-server=utf8mb4_unicode_ci'\r\n    ]\r\n    volumes:\r\n      - ./wp-data:/docker-entrypoint-initdb.d\r\n    environment:\r\n      MYSQL_DATABASE: wordpress\r\n      MYSQL_ROOT_PASSWORD: password\r\n    networks:\r\n      - wordpress-network\r\nnetworks:\r\n  wordpress-network:\r\n      driver: bridge"
    }
},
{
    "model": "snippets.file",
    "pk": 9,
    "fields": {
        "created_date": "2018-04-29T07:33:47.850Z",
        "modified_date": "2018-06-10T11:44:26.779Z",
        "snippet": 6,
        "language": 8,
        "name": "export.sh",
        "content": "#!/bin/bash\r\n_os=\"`uname`\"\r\n_now=$(date +\"%m_%d_%Y\")\r\n_file=\"wp-data/data_$_now.sql\"\r\ndocker-compose exec db sh -c 'exec mysqldump \"$MYSQL_DATABASE\" -uroot -p\"$MYSQL_ROOT_PASSWORD\"' > $_file\r\nif [[ $_os == \"Darwin\"* ]] ; then\r\n  sed -i '.bak' 1,1d $_file\r\nelse\r\n  sed -i 1,1d $_file # Removes the password warning from the file\r\nfi"
    }
},
{
    "model": "snippets.file",
    "pk": 10,
    "fields": {
        "created_date": "2018-04-29T07:57:04.646Z",
        "modified_date": "2018-06-09T08:46:51.530Z",
        "snippet": 7,
        "language": 9,
        "name": "docs.md",
        "content": "# H1\r\n## H2\r\n### H3\r\n#### H4\r\n##### H5\r\n###### H6\r\n\r\nAlternatively, for H1 and H2, an underline-ish style:\r\n\r\nAlt-H1\r\n======\r\n\r\nAlt-H2\r\n------\r\n\r\nEmphasis, aka italics, with *asterisks* or _underscores_.\r\n\r\nStrong emphasis, aka bold, with **asterisks** or __underscores__.\r\n\r\nCombined emphasis with **asterisks and _underscores_**.\r\n\r\nStrikethrough uses two tildes. ~~Scratch this.~~\r\n\r\n1. First ordered list item\r\n2. Another item\r\n⋅⋅* Unordered sub-list. \r\n1. Actual numbers don't matter, just that it's a number\r\n⋅⋅1. Ordered sub-list\r\n4. And another item.\r\n\r\n⋅⋅⋅You can have properly indented paragraphs within list items. Notice the blank line above, and the leading spaces (at least one, but we'll use three here to also align the raw Markdown).\r\n\r\n⋅⋅⋅To have a line break without a paragraph, you will need to use two trailing spaces.⋅⋅\r\n⋅⋅⋅Note that this line is separate, but within the same paragraph.⋅⋅\r\n⋅⋅⋅(This is contrary to the typical GFM line break behaviour, where trailing spaces are not required.)\r\n\r\n* Unordered list can use asterisks\r\n- Or minuses\r\n+ Or pluses"
    }
},
{
    "model": "snippets.file",
    "pk": 11,
    "fields": {
        "created_date": "2019-04-14T18:02:19.143Z",
        "modified_date": "2019-04-14T18:02:19.143Z",
        "snippet": 13,
        "language": 11,
        "name": "test.json",
        "content": "{\n  \"name\": \"sny-py\",\n  \"version\": \"0.0.0\",\n  \"license\": \"MIT\",\n  \"scripts\": {\n    \"ng\": \"ng\",\n    \"start\": \"ng serve\",\n    \"build\": \"ng build --prod\",\n    \"test\": \"ng test\",\n    \"lint\": \"ng lint\",\n    \"e2e\": \"ng e2e\"\n  },\n  \"private\": true,\n  \"dependencies\": {\n    \"@angular/animations\": \"7.2.13\",\n    \"@angular/common\": \"7.2.13\",\n    \"@angular/compiler\": \"7.2.13\",\n    \"@angular/core\": \"7.2.13\",\n    \"@angular/forms\": \"7.2.13\",\n    \"@angular/http\": \"7.2.13\",\n    \"@angular/platform-browser\": \"7.2.13\",\n    \"@angular/platform-browser-dynamic\": \"7.2.13\",\n    \"@angular/router\": \"7.2.13\",\n    \"@fortawesome/angular-fontawesome\": \"0.3.0\",\n    \"@fortawesome/fontawesome-svg-core\": \"^1.2.17\",\n    \"@fortawesome/free-brands-svg-icons\": \"^5.8.1\",\n    \"@fortawesome/free-regular-svg-icons\": \"^5.8.1\",\n    \"@fortawesome/free-solid-svg-icons\": \"^5.8.1\",\n    \"@ng-bootstrap/ng-bootstrap\": \"^4.1.1\",\n    \"@ng-select/ng-select\": \"^2.17.0\",\n    \"bootstrap\": \"^4.3.1\",\n    \"core-js\": \"^2.6.5\",\n    \"monaco-editor\": \"^0.16.2\",\n    \"ngx-anx-forms\": \"^0.2.2\",\n    \"ngx-monaco-editor\": \"^7.0.0\",\n    \"ngx-perfect-scrollbar\": \"^7.2.1\",\n    \"ngx-pipes\": \"^2.4.6\",\n    \"ngx-resource-factory\": \"0.0.11\",\n    \"ngx-toastr\": \"^10.0.2\",\n    \"rxjs\": \"^6.4.0\",\n    \"rxjs-compat\": \"^6.4.0\",\n    \"zone.js\": \"^0.9.0\"\n  },\n  \"devDependencies\": {\n    \"@angular-devkit/build-angular\": \"^0.13.8\",\n    \"@angular/cli\": \"7.3.8\",\n    \"@angular/compiler-cli\": \"7.2.13\",\n    \"@angular/language-service\": \"7.2.13\",\n    \"@types/jasmine\": \"^3.3.12\",\n    \"@types/jasminewd2\": \"~2.0.6\",\n    \"@types/node\": \"^11.13.4\",\n    \"codelyzer\": \"^5.0.0\",\n    \"jasmine-core\": \"~3.4.0\",\n    \"jasmine-spec-reporter\": \"~4.2.1\",\n    \"karma\": \"^4.0.1\",\n    \"karma-chrome-launcher\": \"~2.2.0\",\n    \"karma-coverage-istanbul-reporter\": \"^2.0.5\",\n    \"karma-jasmine\": \"^2.0.1\",\n    \"karma-jasmine-html-reporter\": \"^1.4.0\",\n    \"protractor\": \"^5.4.2\",\n    \"ts-node\": \"~8.0.3\",\n    \"tslint\": \"~5.15.0\",\n    \"typescript\": \"~3.2.4\"\n  }\n}"
    }
},
{
    "model": "snippets.label",
    "pk": 1,
    "fields": {
        "created_date": "2018-04-22T07:26:49.494Z",
        "modified_date": "2018-04-22T07:26:49.507Z",
        "user": null,
        "team": null,
        "name": "Django"
    }
},
{
    "model": "snippets.label",
    "pk": 2,
    "fields": {
        "created_date": "2018-04-22T07:26:49.494Z",
        "modified_date": "2018-11-17T14:25:21.870Z",
        "user": [
            "admin"
        ],
        "team": null,
        "name": "Angular"
    }
},
{
    "model": "snippets.label",
    "pk": 3,
    "fields": {
        "created_date": "2018-04-22T07:26:49.494Z",
        "modified_date": "2018-04-22T07:26:49.507Z",
        "user": [
            "admin"
        ],
        "team": null,
        "name": "Laravel"
    }
},
{
    "model": "snippets.label",
    "pk": 4,
    "fields": {
        "created_date": "2018-04-22T07:26:49.494Z",
        "modified_date": "2018-06-10T12:24:51.779Z",
        "user": [
            "admin"
        ],
        "team": 1,
        "name": "Wordpress"
    }
},
{
    "model": "snippets.label",
    "pk": 5,
    "fields": {
        "created_date": "2018-04-22T07:26:49.494Z",
        "modified_date": "2018-04-22T07:26:49.507Z",
        "user": [
            "admin"
        ],
        "team": null,
        "name": "Drupal"
    }
},
{
    "model": "snippets.label",
    "pk": 6,
    "fields": {
        "created_date": "2018-04-22T07:26:49.494Z",
        "modified_date": "2018-04-22T07:26:49.507Z",
        "user": [
            "admin"
        ],
        "team": null,
        "name": "Typo3"
    }
},
{
    "model": "snippets.label",
    "pk": 7,
    "fields": {
        "created_date": "2018-04-22T07:26:49.494Z",
        "modified_date": "2018-04-22T07:26:49.507Z",
        "user": [
            "admin"
        ],
        "team": null,
        "name": "Symfony"
    }
},
{
    "model": "snippets.label",
    "pk": 8,
    "fields": {
        "created_date": "2018-04-22T07:26:49.494Z",
        "modified_date": "2018-04-22T07:26:49.507Z",
        "user": [
            "admin"
        ],
        "team": null,
        "name": "Linux"
    }
},
{
    "model": "snippets.label",
    "pk": 9,
    "fields": {
        "created_date": "2018-04-22T07:26:49.494Z",
        "modified_date": "2018-04-22T07:26:49.507Z",
        "user": [
            "admin"
        ],
        "team": null,
        "name": "Prestashop"
    }
},
{
    "model": "snippets.label",
    "pk": 10,
    "fields": {
        "created_date": "2018-04-22T07:26:49.494Z",
        "modified_date": "2018-04-22T07:26:49.507Z",
        "user": [
            "admin"
        ],
        "team": null,
        "name": "Magento"
    }
},
{
    "model": "snippets.label",
    "pk": 11,
    "fields": {
        "created_date": "2018-04-29T07:52:05.488Z",
        "modified_date": "2018-06-10T11:38:26.919Z",
        "user": null,
        "team": 1,
        "name": "Docker"
    }
},
{
    "model": "snippets.label",
    "pk": 15,
    "fields": {
        "created_date": "2018-06-13T20:49:22.706Z",
        "modified_date": "2018-06-13T20:49:22.706Z",
        "user": [
            "admin"
        ],
        "team": 3,
        "name": "Label 3"
    }
},
{
    "model": "snippets.label",
    "pk": 17,
    "fields": {
        "created_date": "2018-06-13T20:50:10.597Z",
        "modified_date": "2018-06-13T20:50:10.597Z",
        "user": [
            "admin"
        ],
        "team": 3,
        "name": "Label 4"
    }
},
{
    "model": "snippets.label",
    "pk": 18,
    "fields": {
        "created_date": "2018-06-28T20:38:49.912Z",
        "modified_date": "2018-06-28T20:38:49.912Z",
        "user": [
            "admin"
        ],
        "team": 1,
        "name": "Markdown"
    }
},
{
    "model": "snippets.label",
    "pk": 20,
    "fields": {
        "created_date": "2019-04-14T18:01:20.466Z",
        "modified_date": "2019-04-14T18:01:20.466Z",
        "user": null,
        "team": null,
        "name": "Label 1"
    }
},
{
    "model": "snippets.label",
    "pk": 21,
    "fields": {
        "created_date": "2019-04-14T18:01:25.285Z",
        "modified_date": "2019-04-14T18:01:25.285Z",
        "user": null,
        "team": null,
        "name": "Label 2"
    }
},
{
    "model": "snippets.language",
    "pk": 1,
    "fields": {
        "name": "python"
    }
},
{
    "model": "snippets.language",
    "pk": 2,
    "fields": {
        "name": "php"
    }
},
{
    "model": "snippets.language",
    "pk": 3,
    "fields": {
        "name": "css"
    }
},
{
    "model": "snippets.language",
    "pk": 4,
    "fields": {
        "name": "html"
    }
},
{
    "model": "snippets.language",
    "pk": 5,
    "fields": {
        "name": "text"
    }
},
{
    "model": "snippets.language",
    "pk": 6,
    "fields": {
        "name": "typescript"
    }
},
{
    "model": "snippets.language",
    "pk": 7,
    "fields": {
        "name": "javascript"
    }
},
{
    "model": "snippets.language",
    "pk": 8,
    "fields": {
        "name": "sh"
    }
},
{
    "model": "snippets.language",
    "pk": 9,
    "fields": {
        "name": "markdown"
    }
},
{
    "model": "snippets.language",
    "pk": 10,
    "fields": {
        "name": "yaml"
    }
},
{
    "model": "snippets.language",
    "pk": 11,
    "fields": {
        "name": "json"
    }
},
{
    "model": "snippets.extension",
    "pk": 1,
    "fields": {
        "language": 1,
        "name": "py"
    }
},
{
    "model": "snippets.extension",
    "pk": 2,
    "fields": {
        "language": 2,
        "name": "php"
    }
},
{
    "model": "snippets.extension",
    "pk": 3,
    "fields": {
        "language": 3,
        "name": "css"
    }
},
{
    "model": "snippets.extension",
    "pk": 4,
    "fields": {
        "language": 4,
        "name": "html"
    }
},
{
    "model": "snippets.extension",
    "pk": 5,
    "fields": {
        "language": 4,
        "name": "htm"
    }
},
{
    "model": "snippets.extension",
    "pk": 6,
    "fields": {
        "language": 5,
        "name": "txt"
    }
},
{
    "model": "snippets.extension",
    "pk": 7,
    "fields": {
        "language": 10,
        "name": "yml"
    }
},
{
    "model": "snippets.extension",
    "pk": 8,
    "fields": {
        "language": 6,
        "name": "ts"
    }
},
{
    "model": "snippets.extension",
    "pk": 9,
    "fields": {
        "language": 7,
        "name": "js"
    }
},
{
    "model": "snippets.extension",
    "pk": 10,
    "fields": {
        "language": 8,
        "name": "sh"
    }
},
{
    "model": "snippets.extension",
    "pk": 11,
    "fields": {
        "language": 9,
        "name": "md"
    }
},
{
    "model": "snippets.extension",
    "pk": 12,
    "fields": {
        "language": 11,
        "name": "json"
    }
},
{
    "model": "snippets.snippetlabel",
    "pk": 270,
    "fields": {
        "snippet": 1,
        "label": 4
    }
},
{
    "model": "snippets.snippetlabel",
    "pk": 271,
    "fields": {
        "snippet": 1,
        "label": 11
    }
},
{
    "model": "snippets.snippetlabel",
    "pk": 272,
    "fields": {
        "snippet": 6,
        "label": 11
    }
},
{
    "model": "snippets.snippetlabel",
    "pk": 274,
    "fields": {
        "snippet": 7,
        "label": 18
    }
},
{
    "model": "teams.team",
    "pk": 1,
    "fields": {
        "created_date": "2018-06-09T08:23:16.598Z",
        "modified_date": "2018-06-09T08:23:16.598Z",
        "name": "Team 1"
    }
},
{
    "model": "teams.team",
    "pk": 3,
    "fields": {
        "created_date": "2018-06-13T09:01:53.056Z",
        "modified_date": "2018-06-13T09:01:53.056Z",
        "name": "Team 2"
    }
},
{
    "model": "teams.team",
    "pk": 4,
    "fields": {
        "created_date": "2019-12-30T18:34:25.697Z",
        "modified_date": "2019-12-30T18:34:25.697Z",
        "name": "Team 3"
    }
},
{
    "model": "teams.userteam",
    "pk": 3,
    "fields": {
        "created_date": "2018-06-13T09:01:53.077Z",
        "modified_date": "2020-04-08T05:32:59.734Z",
        "user": [
            "admin"
        ],
        "team": 3,
        "role": "SUBSCRIBER"
    }
},
{
    "model": "teams.userteam",
    "pk": 9,
    "fields": {
        "created_date": "2018-06-13T20:12:15.114Z",
        "modified_date": "2018-11-12T22:44:12.362Z",
        "user": [
            "admin"
        ],
        "team": 1,
        "role": "EDITOR"
    }
}
]
